{"cameraMode":{"drawMode":0,"name":"Shaded","section":"Shading Mode"},"sceneLighting":true,"audioPlay":false,"sceneViewState":{"m_AlwaysRefresh":false,"showFog":true,"showSkybox":false,"showFlares":true,"showImageEffects":true,"showParticleSystems":true,"showVisualEffectGraphs":true,"m_FxEnabled":false},"in2DMode":false,"pivot":{"x":0.025366783142089845,"y":-35.276771545410159,"z":43.27250671386719},"rotation":{"x":0.257829874753952,"y":-0.08825454115867615,"z":0.023657673969864847,"w":0.9618567824363709},"size":57.300193786621097,"orthographic":false}