{"cameraMode":{"drawMode":0,"name":"Shaded","section":"Shading Mode"},"sceneLighting":true,"audioPlay":false,"sceneViewState":{"m_AlwaysRefresh":false,"showFog":true,"showSkybox":false,"showFlares":true,"showImageEffects":true,"showParticleSystems":true,"showVisualEffectGraphs":true,"m_FxEnabled":false},"in2DMode":false,"pivot":{"x":21.834274291992189,"y":13.062747955322266,"z":31.430450439453126},"rotation":{"x":0.004153288900852203,"y":0.1322079449892044,"z":0.000555947539396584,"w":-0.9912176132202148},"size":27.942289352416993,"orthographic":false}