{"cameraMode":{"drawMode":0,"name":"Shaded","section":"Shading Mode"},"sceneLighting":true,"audioPlay":false,"sceneViewState":{"m_AlwaysRefresh":false,"showFog":true,"showSkybox":false,"showFlares":true,"showImageEffects":true,"showParticleSystems":true,"showVisualEffectGraphs":true,"m_FxEnabled":false},"in2DMode":false,"pivot":{"x":-3.220653533935547,"y":0.10238838195800781,"z":-16.285646438598634},"rotation":{"x":0.19845202565193177,"y":-0.5346644520759583,"z":0.13084086775779725,"w":0.8109535574913025},"size":15.529955863952637,"orthographic":true}