{"cameraMode":{"drawMode":0,"name":"Shaded","section":"Shading Mode"},"sceneLighting":true,"audioPlay":false,"sceneViewState":{"m_AlwaysRefresh":false,"showFog":true,"showSkybox":false,"showFlares":true,"showImageEffects":true,"showParticleSystems":true,"showVisualEffectGraphs":true,"m_FxEnabled":false},"in2DMode":false,"pivot":{"x":26.906442642211915,"y":13.39803695678711,"z":32.553829193115237},"rotation":{"x":0.007163493428379297,"y":0.08598855882883072,"z":0.0006202621152624488,"w":-0.9962745904922485},"size":27.942289352416993,"orthographic":false}