{"cameraMode":{"drawMode":0,"name":"Shaded","section":"Shading Mode"},"sceneLighting":false,"audioPlay":false,"sceneViewState":{"m_AlwaysRefresh":false,"showFog":true,"showSkybox":false,"showFlares":true,"showImageEffects":true,"showParticleSystems":true,"showVisualEffectGraphs":true,"m_FxEnabled":false},"in2DMode":false,"pivot":{"x":5.145061492919922,"y":0.3141672909259796,"z":-38.32400131225586},"rotation":{"x":-0.003309387480840087,"y":0.0020971500780433418,"z":-0.0000065480649027449548,"w":-0.999998927116394},"size":4.903312683105469,"orthographic":true}