{"cameraMode":{"drawMode":0,"name":"Shaded","section":"Shading Mode"},"sceneLighting":false,"audioPlay":false,"sceneViewState":{"m_AlwaysRefresh":false,"showFog":true,"showSkybox":false,"showFlares":true,"showImageEffects":true,"showParticleSystems":true,"showVisualEffectGraphs":true,"m_FxEnabled":false},"in2DMode":false,"pivot":{"x":-0.029620260000228883,"y":0.31110116839408877,"z":0.04942886531352997},"rotation":{"x":0.16886749863624574,"y":-0.7305374145507813,"z":0.19512172043323518,"w":0.632246196269989},"size":1.1681416034698487,"orthographic":true}