{"cameraMode":{"drawMode":0,"name":"Shaded","section":"Shading Mode"},"sceneLighting":false,"audioPlay":false,"sceneViewState":{"m_AlwaysRefresh":false,"showFog":true,"showSkybox":false,"showFlares":true,"showImageEffects":true,"showParticleSystems":true,"showVisualEffectGraphs":true,"m_FxEnabled":false},"in2DMode":false,"pivot":{"x":0.15891849994659425,"y":0.7743591070175171,"z":-1.1656454801559449},"rotation":{"x":0.13541941344738007,"y":0.02971895970404148,"z":-0.004063788801431656,"w":0.9903346300125122},"size":0.7085635662078857,"orthographic":false}