{"cameraMode":{"drawMode":0,"name":"Shaded","section":"Shading Mode"},"sceneLighting":false,"audioPlay":false,"sceneViewState":{"m_AlwaysRefresh":false,"showFog":true,"showSkybox":false,"showFlares":true,"showImageEffects":true,"showParticleSystems":true,"showVisualEffectGraphs":true,"m_FxEnabled":false},"in2DMode":false,"pivot":{"x":-0.46292757987976076,"y":1.3123629093170167,"z":-43.62166213989258},"rotation":{"x":0.18532007932662965,"y":-0.6478961706161499,"z":0.16681620478630067,"w":0.7197644710540772},"size":1.847813367843628,"orthographic":true}