{"cameraMode":{"drawMode":0,"name":"Shaded","section":"Shading Mode"},"sceneLighting":false,"audioPlay":false,"sceneViewState":{"m_AlwaysRefresh":false,"showFog":true,"showSkybox":false,"showFlares":true,"showImageEffects":true,"showParticleSystems":true,"showVisualEffectGraphs":true,"m_FxEnabled":false},"in2DMode":false,"pivot":{"x":0.4303147792816162,"y":0.102386474609375,"z":-40.34496307373047},"rotation":{"x":0.01413128525018692,"y":-0.7210275530815125,"z":0.014708857983350754,"w":0.6926067471504211},"size":1.7481669187545777,"orthographic":false}